{"dynamic": {"min": {"1 km 16 days NDVI": -20000000.0, "1 km 16 days EVI": -19990000.0, "ET_500m": 0.0, "LST_Day_1km": 249.6599884033203, "LST_Night_1km": 234.33999633789062, "Fpar_500m": 0.0, "Lai_500m": 0.0, "era5_max_u10": -11.921432495117188, "era5_max_v10": -15.756819725036621, "era5_max_d2m": 253.69178771972656, "era5_max_t2m": 261.6349792480469, "era5_max_sp": 77939.734375, "era5_max_tp": 0.0, "era5_min_u10": -18.22175407409668, "era5_min_v10": -19.29210662841797, "era5_min_d2m": 239.91065979003906, "era5_min_t2m": 245.71287536621094, "era5_min_sp": 77505.6015625, "era5_min_tp": 0.0, "era5_avg_u10": -14.024720191955566, "era5_avg_v10": -17.729040145874023, "era5_avg_d2m": 252.91773986816406, "era5_avg_t2m": 258.4374084472656, "era5_avg_sp": 77754.9921875, "era5_avg_tp": 0.0, "smian": -4.978750228881836, "sminx": 0.0006200000061653554, "fwi": 1.8768782084066515e-09, "era5_max_wind_u10": -18.22175407409668, "era5_max_wind_v10": -19.29210662841797, "era5_max_wind_speed": 0.26135602593421936, "era5_max_wind_direction": 0.0014801025390625, "era5_max_rh": 0.22890256345272064, "era5_min_rh": 0.00539859663695097, "era5_avg_rh": 0.1481851488351822}, "max": {"1 km 16 days NDVI": 100000000.0, "1 km 16 days EVI": 95110000.0, "ET_500m": 3276.60009765625, "LST_Day_1km": 328.8999938964844, "LST_Night_1km": 322.1399841308594, "Fpar_500m": 2.5399999618530273, "Lai_500m": 25.399999618530273, "era5_max_u10": 17.452177047729492, "era5_max_v10": 17.8460750579834, "era5_max_d2m": 299.8358459472656, "era5_max_t2m": 316.978271484375, "era5_max_sp": 104716.03125, "era5_max_tp": 0.16601739823818207, "era5_min_u10": 12.359029769897461, "era5_min_v10": 12.307028770446777, "era5_min_d2m": 297.4697570800781, "era5_min_t2m": 303.1922302246094, "era5_min_sp": 104358.9453125, "era5_min_tp": 0.044966794550418854, "era5_avg_u10": 14.071532249450684, "era5_avg_v10": 14.228981971740723, "era5_avg_d2m": 298.3453063964844, "era5_avg_t2m": 310.24774169921875, "era5_avg_sp": 104507.625, "era5_avg_tp": 0.09416088461875916, "smian": 4.999470233917236, "sminx": 0.9894899725914001, "fwi": 97.62564849853516, "era5_max_wind_u10": 17.452177047729492, "era5_max_wind_v10": 17.8460750579834, "era5_max_wind_speed": 19.929399490356445, "era5_max_wind_direction": 359.99822998046875, "era5_max_rh": 20.587099075317383, "era5_min_rh": 0.9985148906707764, "era5_avg_rh": 3.7176530361175537}, "mean": {"1 km 16 days NDVI": 54756335.11266032, "1 km 16 days EVI": 32886255.778707273, "ET_500m": 735.0170524283931, "LST_Day_1km": 301.4407182033849, "LST_Night_1km": 287.96388269994554, "Fpar_500m": 0.7247438716396563, "Lai_500m": 4.191236748179707, "era5_max_u10": 1.3648662975554604, "era5_max_v10": 0.34585238377190103, "era5_max_d2m": 285.4907191060236, "era5_max_t2m": 295.2764306589825, "era5_max_sp": 95579.83902848847, "era5_max_tp": 0.002746978490249055, "era5_min_u10": -1.0626223899028355, "era5_min_v10": -1.8005245797931695, "era5_min_d2m": 281.64107120268545, "era5_min_t2m": 286.55472012597613, "era5_min_sp": 95306.35026930974, "era5_min_tp": 0.00018641022311349876, "era5_avg_u10": 0.09236845952830088, "era5_avg_v10": -0.7558085618586903, "era5_avg_d2m": 283.5824318823434, "era5_avg_t2m": 290.95871060367216, "era5_avg_sp": 95438.21481900878, "era5_avg_tp": 0.0010649741589062187, "smian": -0.028543371503843566, "sminx": 0.49773128391881405, "fwi": 15.59219305873949, "era5_max_wind_u10": 0.3764358032175131, "era5_max_wind_v10": -0.9080840014060012, "era5_max_wind_speed": 3.272315374214297, "era5_max_wind_direction": 183.75083493735693, "era5_max_rh": 0.8432411007807944, "era5_min_rh": 0.47892199165227517, "era5_avg_rh": 0.6585534120217672}, "std": {"1 km 16 days NDVI": 16374567.419462748, "1 km 16 days EVI": 11942161.006671293, "ET_500m": 1352.472815406479, "LST_Day_1km": 8.29150830368379, "LST_Night_1km": 6.752187111876624, "Fpar_500m": 0.6695408304795578, "Lai_500m": 7.626548519476331, "era5_max_u10": 1.7264878844477023, "era5_max_v10": 2.1017379127599836, "era5_max_d2m": 5.439346505607469, "era5_max_t2m": 7.31082215306465, "era5_max_sp": 4067.597920969324, "era5_max_tp": 0.006046475147057764, "era5_min_u10": 1.5553069808181075, "era5_min_v10": 2.1410730723237683, "era5_min_d2m": 5.73606763828225, "era5_min_t2m": 6.7463726503591745, "era5_min_sp": 4064.248865812603, "era5_min_tp": 0.0009214068275077517, "era5_avg_u10": 1.469317803304313, "era5_avg_v10": 2.0037001950883515, "era5_avg_d2m": 5.494860033922775, "era5_avg_t2m": 6.84847363139057, "era5_avg_sp": 4065.76425965191, "era5_avg_tp": 0.002667994314145707, "smian": 0.9790530682044538, "sminx": 0.2734276773583038, "fwi": 15.681629558528096, "era5_max_wind_u10": 2.431629947327761, "era5_max_wind_v10": 2.8514498590703847, "era5_max_wind_speed": 2.080011781388943, "era5_max_wind_direction": 115.7923811609168, "era5_max_rh": 0.11785745725375901, "era5_min_rh": 0.1596050195160925, "era5_avg_rh": 0.13371655190651788}}, "static": {"min": {"dem_mean": -12.768290519714355, "aspect_mean": 0.0, "slope_mean": 0.0, "roughness_mean": 0.0, "roads_distance": -0.14300000667572021, "waterway_distance": -0.09300000220537186, "population_density": 0.0}, "max": {"dem_mean": 2756.943359375, "aspect_mean": 359.99945068359375, "slope_mean": 33.21424865722656, "roughness_mean": 1433.067626953125, "roads_distance": 49.00199890136719, "waterway_distance": 56.7859992980957, "population_density": 71856.4453125}, "mean": {"dem_mean": 530.9113113997149, "aspect_mean": 179.99116292822796, "slope_mean": 4.60623551805073, "roughness_mean": 213.6044155492393, "roads_distance": 1.4712075067415233, "waterway_distance": 2.550822474327468, "population_density": 74.84595068282441}, "std": {"dem_mean": 471.7973308469109, "aspect_mean": 102.81407331183759, "slope_mean": 4.185516330858271, "roughness_mean": 176.52695516245237, "roads_distance": 1.7716951281898214, "waterway_distance": 2.662119778526876, "population_density": 586.8738394385432}}, "clc": {"min": {"clc_0": 0.0, "clc_1": 0.0, "clc_2": 0.0, "clc_3": 0.0, "clc_4": 0.0, "clc_5": 0.0, "clc_6": 0.0, "clc_7": 0.0, "clc_8": 0.0, "clc_9": 0.0}, "max": {"clc_0": 1.0, "clc_1": 1.0, "clc_2": 1.0, "clc_3": 1.0, "clc_4": 1.0, "clc_5": 1.0, "clc_6": 1.0, "clc_7": 1.0, "clc_8": 1.0, "clc_9": 1.0}, "mean": {"clc_0": 0.008616099644393064, "clc_1": 0.014340297278689998, "clc_2": 0.10548695537429868, "clc_3": 0.04531597147872579, "clc_4": 0.01958951935498085, "clc_5": 0.13902329157622853, "clc_6": 0.23122712765612907, "clc_7": 0.30351141574411866, "clc_8": 0.02494564466984286, "clc_9": 0.10794368531399103}, "std": {"clc_0": 0.06649394789855335, "clc_1": 0.08045626646168497, "clc_2": 0.2669257412016795, "clc_3": 0.16991144694380222, "clc_4": 0.09752228640650486, "clc_5": 0.2529058161222345, "clc_6": 0.3449878057667648, "clc_7": 0.36146248064521336, "clc_8": 0.11643576188954348, "clc_9": 0.2999725153462437}}}